Date,0
2020-01-02,0.0006554457721735874
2020-01-03,-0.0005833222840580059
2020-01-06,-0.0015615538061922712
2020-01-07,0.0010993270896276573
2020-01-08,0.0031858749225280284
2020-01-09,0.004573030276332478
2020-01-10,0.00327879774201123
2020-01-13,0.004034254180842492
2020-01-14,0.0017243044796298314
2020-01-15,0.009501638870813579
2020-01-16,0.01337961643131978
2020-01-17,0.007731776472957449
2020-01-21,0.0006294001248189985
2020-01-22,-0.011423760540909114
2020-01-23,-0.055280655663555875
2020-01-24,-0.003468288465577434
2020-01-27,0.019823301500482365
2020-01-28,-0.0046520062538219446
2020-01-29,0.018415661416935004
2020-01-30,-0.02493835666095062
2020-01-31,0.01879258536126966
2020-02-03,0.012626054970351068
2020-02-04,0.011264876715780362
2020-02-05,-0.006173997610717656
2020-02-06,-0.01788942646073231
2020-02-07,0.0021558368113511047
2020-02-10,0.0008034285647364201
2020-02-11,0.015671406192647033
2020-02-12,0.003724564413934166
2020-02-13,-0.006159935388017027
2020-02-14,-0.009593965318162248
2020-02-18,0.019913583463857385
2020-02-19,-0.00332322580963357
2020-02-20,-0.01494606585836614
2020-02-21,-0.01608658836934329
2020-02-24,-0.009802437942118984
2020-02-25,-0.011320407880756975
2020-02-26,-0.041744407656192445
2020-02-27,-0.02242733666899072
2020-02-28,0.0549523385702995
2020-03-02,-0.03761405775136912
2020-03-03,0.04391699854510496
2020-03-04,-0.039980490941839114
2020-03-05,-0.032100869009844143
2020-03-06,-0.07704587983331222
2020-03-09,0.046806818968715413
2020-03-10,-0.04295315501529259
2020-03-11,-0.10047368122497376
2020-03-12,0.04952765129211308
2020-03-13,-0.09897520049202774
2020-03-16,0.01755277138940841
2020-03-17,-0.04048094009043685
2020-03-18,0.009951809634807624
2020-03-19,-0.02869780390108793
2020-03-20,-0.011536939910031286
2020-03-23,0.04818809152828257
2020-03-24,0.019999876240553334
2020-03-25,0.01853025205023278
2020-03-26,-0.002139583186545049
2020-03-27,0.0016104505123921706
2020-03-30,0.0007807902861238407
2020-03-31,-0.007588948553074765
2020-04-01,-0.004184894668304394
2020-04-02,0.0013279909298115665
2020-04-03,0.013114099135127507
2020-04-06,0.009260718730427681
2020-04-07,0.0035343507631865573
2020-04-08,0.006139814207345298
2020-04-09,0.002813280386405668
2020-04-13,0.001162557609393428
2020-04-14,0.004207129750810454
2020-04-15,-0.0030593835938797958
2020-04-16,0.00033710131253028856
2020-04-17,0.0037729600291401687
2020-04-20,-0.0033280467126013107
2020-04-21,-0.004146825769583539
2020-04-22,0.0033909473983587887
2020-04-23,0.0002749890411437557
2020-04-24,0.0021666271930338684
2020-04-27,0.0020732798687978005
2020-04-28,-0.00038692058716741984
2020-04-29,0.004265067075979744
2020-04-30,-0.0016021094976269193
2020-05-01,-0.004111624539376483
2020-05-04,0.000427365550573294
2020-05-05,0.001431509105396168
2020-05-06,-0.0010502762529483892
2020-05-07,0.0018695836491918827
2020-05-08,0.002563636725567546
2020-05-11,3.1725079651052e-05
2020-05-12,-0.003088106779345988
2020-05-13,-0.002740180601534684
2020-05-14,0.0018541949343591243
2020-05-15,0.0007122203042975813
2020-05-18,0.004719323878095266
2020-05-19,-0.0015913344734698152
2020-05-20,0.002632057015517435
2020-05-21,-0.0010697281200244037
2020-05-22,0.00029425033702335917
2020-05-26,0.0019088808374324389
2020-05-27,0.0023053243719920414
2020-05-28,-0.00028583117400383424
2020-05-29,0.0006903266247746154
2020-06-01,0.0006262745037361661
2020-06-02,0.0012828613999976036
2020-06-03,0.0020619598848578805
2020-06-04,-0.0004069823188322354
2020-06-05,0.003970968364463052
2020-06-08,0.0018728200091116024
2020-06-09,-0.0011553136722792317
2020-06-10,-0.0008645402868521374
2020-06-11,-0.008931987867061774
2020-06-12,0.0018554875118767765
2020-06-15,0.0014464829725250412
2020-06-16,0.0029821026123998517
2020-06-17,-0.0006435351198697908
2020-06-18,5.9668124922227895e-05
2020-06-19,-0.0008854998862339338
2020-06-22,0.0009939810901884259
2020-06-23,-0.0023227780590859125
2020-06-24,0.002347234797734128
2020-06-25,-0.009543098968900909
2020-06-26,-0.0013388744426830164
2020-06-29,0.015511460908340732
2020-06-30,0.004494700648374199
2020-07-01,0.0038607559713552115
2020-07-02,0.011744991704151417
2020-07-06,0.0035103842498516893
2020-07-07,0.01036910146151877
2020-07-08,0.00904394362081093
2020-07-09,-0.001484086188416953
2020-07-10,-0.0099376943381701
2020-07-13,0.010991252352338606
2020-07-14,0.0013739098873923952
2020-07-15,-0.0029399342044526284
2020-07-16,0.005956882280064863
2020-07-17,0.014020809929939329
2020-07-20,-0.0048017787614366425
2020-07-21,0.0035481390364775277
2020-07-22,-0.010751374383263276
2020-07-23,-0.0031310945013279965
2020-07-24,0.009366074706140074
2020-07-27,-0.005840491842097707
2020-07-28,0.01031846203623262
2020-07-29,0.00522980119911573
2020-07-30,0.005069757244520394
2020-07-31,0.0181768515626296
2020-08-03,0.0015577940344495486
2020-08-04,0.00210831433093712
2020-08-05,0.004022048622341082
2020-08-06,-0.00281187678240872
2020-08-07,-0.005662780745991568
2020-08-10,-0.009930686835057176
2020-08-11,0.017452024146467734
2020-08-12,0.0003491979316119923
2020-08-13,0.0028295506527958644
2020-08-14,0.01767709134703425
2020-08-17,-0.0009208829037808548
2020-08-18,-0.008417765148613829
2020-08-19,0.008901841911494145
2020-08-20,0.00760410792618112
2020-08-21,-0.0001549353305622859
2020-08-24,0.0059658493741338295
2020-08-25,0.0035098503058957732
2020-08-26,0.0022349963477900584
2020-08-27,0.006892897293122514
2020-08-28,0.009090971464726384
2020-08-31,-0.002020257642173571
2020-09-01,0.020934003289377418
2020-09-02,-0.03757563614673456
2020-09-03,-0.017924797884671065
2020-09-04,-0.030472796286308154
2020-09-08,0.017730775278504335
2020-09-09,-0.015113920601627393
2020-09-10,-0.003193380736730986
2020-09-11,0.015437064260436449
2020-09-14,0.011091393763494526
2020-09-15,-0.0017605376510242414
2020-09-16,-0.0087125807583049
2020-09-17,-0.009278577530748766
2020-09-18,-0.0015443327146764639
2020-09-21,0.010827974345845997
2020-09-22,-0.00700580712145522
2020-09-23,-0.0029362604626127433
2020-09-24,0.014223497752217573
2020-09-25,0.011602556566218714
2020-09-28,-7.748791629648552e-05
2020-09-29,-0.005200773022708137
2020-09-30,0.0023509979507905067
2020-10-01,-0.0039327739681539525
2020-10-02,0.015722461103032947
2020-10-05,-0.011327252077383781
2020-10-06,0.009784340509430257
2020-10-07,0.01276409739654462
2020-10-08,0.014104305997870322
2020-10-09,0.005145644546996973
2020-10-12,0.01618410944972032
2020-10-13,-0.004386200048187966
2020-10-14,4.0570698283933036e-07
2020-10-15,0.0037225761015084544
2020-10-16,-0.012268119836768487
2020-10-19,-0.0005263958435357849
2020-10-20,-0.006941270749038947
2020-10-21,-0.009671777777581199
2020-10-22,0.007611939384712837
2020-10-23,-0.010369940183764179
2020-10-26,-0.014550631715405203
2020-10-27,-0.014875978545620007
2020-10-28,-0.003458359378350588
2020-10-29,0.003379927557834743
2020-10-30,0.012756297720588016
2020-11-02,0.01926370100083799
2020-11-03,0.03932503267392627
2020-11-04,0.011329953318576932
2020-11-05,-0.00024604434300264533
2020-11-06,-0.0555528930942508
2020-11-09,0.014251192154433634
2020-11-10,0.016896425223808336
2020-11-11,-0.008922792253086006
2020-11-12,0.004387551386986259
2020-11-13,0.009422306161756527
2020-11-16,-5.9661056223031354e-05
2020-11-17,-0.0115824234251761
2020-11-18,0.004897685479102548
2020-11-19,-0.00591106069573283
2020-11-20,0.004386050117538799
2020-11-23,-0.002101057822202751
2020-11-24,0.006117609453456058
2020-11-25,0.0035606144197051445
2020-11-27,0.007844510477247999
2020-11-30,0.0051563045367282335
2020-12-01,-0.00221933740993801
2020-12-02,-0.002335395123520839
2020-12-03,0.0034706142315613945
2020-12-04,0.004907179736135089
2020-12-07,-0.004923913944547471
2020-12-08,-0.011166653491485238
2020-12-09,-0.0035988181398074444
2020-12-10,0.003348546149090636
2020-12-11,0.006729610639922235
2020-12-14,0.00044978817661756704
2020-12-15,0.00329047881597329
2020-12-16,0.01362615323796792
2020-12-17,-0.000934470610274842
2020-12-18,-0.004802994232912736
2020-12-21,0.0018454036224717074
2020-12-22,-0.009335853759649994
2020-12-23,-0.0015992102531071015
2020-12-24,-0.005698115665782232
2020-12-28,-5.4546463072777975e-05
2020-12-29,0.00045800099665126463
2020-12-30,0.0029006099471514
2020-12-31,-0.006646509372004534
2021-01-04,0.0016779563704552628
2021-01-05,-0.013838352097790538
2021-01-06,0.01219306659656375
2021-01-07,0.008352306757042465
2021-01-08,0.009759576356808016
2021-01-11,0.0012831561910156774
2021-01-12,0.005100043714790925
2021-01-13,-0.0029793497510131836
2021-01-14,-0.01700349130697445
2021-01-15,-0.0017958068105646237
2021-01-19,0.023686911041635686
2021-01-20,0.014377326381294932
2021-01-21,-0.004580598198841734
2021-01-22,0.0020849173275342674
2021-01-25,-0.009105586350289173
2021-01-26,-0.03041555368495369
2021-01-27,0.0029570907206736864
2021-01-28,-0.014897820069297862
2021-01-29,0.0077245604922664395
2021-02-01,0.020944672550616026
2021-02-02,-0.0025880683085608203
2021-02-03,0.014033681785307863
2021-02-04,0.015333338834308517
2021-02-05,0.009286071752341068
2021-02-08,0.007538591669211121
2021-02-09,0.0002840493174102861
2021-02-10,-0.0005887049434151762
2021-02-11,0.007398604982072971
2021-02-12,-0.0031210202729129275
2021-02-16,0.0012913781537361112
2021-02-17,-0.002423152032891095
2021-02-18,-0.0023164641919717465
2021-02-19,-0.014647799824038786
2021-02-22,-0.007614690134457284
2021-02-23,0.006849852820175278
2021-02-24,-0.019945665439501777
2021-02-25,-0.0029586923756064675
2021-02-26,0.019701820248276526
2021-03-01,-0.009021661504035857
2021-03-02,-0.025214161914043506
2021-03-03,-0.022309848534899413
2021-03-04,0.013407030013926026
2021-03-05,-0.00201247172969886
2021-03-08,0.02120168033317801
2021-03-09,0.004753440097802746
2021-03-10,0.01973936761769529
2021-03-11,-0.004417417201047672
2021-03-12,0.014322477858669976
2021-03-15,0.00030957416359972607
2021-03-16,-0.005087964268266643
2021-03-17,-0.006001369638510062
2021-03-18,0.003855661295888447
2021-03-19,0.010216231760762534
2021-03-22,-0.0005661622707420929
2021-03-23,-0.012578725772214458
2021-03-24,0.0015323078333206075
2021-03-25,0.012640167931655849
2021-03-26,0.007632943676083919
2021-03-29,-0.002374276181724969
2021-03-30,0.004451407649424137
2021-03-31,0.00109918186024331
2021-04-01,0.012248525937651853
2021-04-05,0.008066521368980515
2021-04-06,0.002415243028918634
2021-04-07,0.005687745039601213
2021-04-08,0.00974860214869498
2021-04-09,0.0006196466702537461
2021-04-12,0.00575910194687798
2021-04-13,-0.019989974487698587
2021-04-14,0.00839546503658885
2021-04-15,-0.0031280166890011885
2021-04-16,0.0017227471375942834
2021-04-19,0.005995903137491086
2021-04-20,-0.0023691203665765033
2021-04-21,0.00534144195555646
2021-04-22,0.000521975581680188
2021-04-23,-0.0018668219216586867
2021-04-26,-0.0020200655890457685
2021-04-27,-0.017921895383866127
2021-04-28,-0.0020199258253105123
2021-04-29,0.0074643841418717445
2021-04-30,-0.01419950117919356
2021-05-03,0.002209806070397
2021-05-04,-0.006431911171741222
2021-05-05,0.0028848440078770143
2021-05-06,0.0005696562918737788
2021-05-07,-0.003417105857073416
2021-05-10,-0.0008934067267011728
2021-05-11,-0.021286698985706082
2021-05-12,0.007312808482225032
2021-05-13,0.014351073668187721
2021-05-14,0.0047846279711543285
2021-05-17,-0.012293589616195453
2021-05-18,-0.014685171305046655
2021-05-19,0.006227174981459621
2021-05-20,-0.010805732005847366
2021-05-21,-0.0018082870918952757
2021-05-24,0.003212136037475322
2021-05-25,0.009055490348047687
2021-05-26,0.02008194421953968
2021-05-27,-0.00495844236027565
2021-05-28,-0.00045739564463837684
2021-06-01,-0.011264090076390603
2021-06-02,-0.010674911156891717
2021-06-03,-0.006667039611866061
2021-06-04,0.008922440511350063
2021-06-07,0.008082973002377035
2021-06-08,-0.017505008163065734
2021-06-09,-0.010890516265165382
2021-06-10,0.011537832481809816
2021-06-11,-0.01924077935807367
2021-06-14,0.0017988668640870021
2021-06-15,-0.006753621111827118
2021-06-16,-0.030454402633963377
2021-06-17,-0.01049675798879576
2021-06-18,0.023454106863179225
2021-06-21,0.005604254202869554
2021-06-22,0.011984660839749365
2021-06-23,0.01116641973436098
2021-06-24,0.002132135559563524
2021-06-25,-0.0045409498573199284
2021-06-28,0.0014662724993173715
2021-06-29,0.012358897862282489
2021-06-30,0.004762673035365182
2021-07-01,-0.004092600945727268
2021-07-02,-0.020792056658482355
2021-07-06,-0.0054101353023649525
2021-07-07,-0.009564919120853133
2021-07-08,0.027951205532974435
2021-07-09,0.004739632487445373
2021-07-12,-0.025028929432251327
2021-07-13,-0.0011438551801597045
2021-07-14,-0.005236140301969034
2021-07-15,-0.0269824410536227
2021-07-16,-0.030628334797456986
2021-07-19,0.033135315922416614
2021-07-20,0.021563480553179186
2021-07-21,-0.009005527399191974
2021-07-22,0.0023905607249230356
2021-07-23,0.014870773984305778
2021-07-26,-0.004584210085595895
2021-07-27,0.006978260238754859
2021-07-28,0.0007062117687903999
2021-07-29,-0.010798015282481132
2021-07-30,-0.0029098172136837464
2021-08-02,0.006096352836135867
2021-08-03,-0.006823597314171058
2021-08-04,0.02050348008636937
2021-08-05,0.0059509918434328705
2021-08-06,-0.004441483577650514
2021-08-09,0.009437394585042603
2021-08-10,0.01230510781987284
2021-08-11,-0.0010377287407714168
2021-08-12,-0.006879061393841997
2021-08-13,0.0016107393961595493
2021-08-16,-0.02299370474224607
2021-08-17,-0.011023907857191338
2021-08-18,-0.016528860553833295
2021-08-19,0.005381309925556305
2021-08-20,0.004092514613807007
2021-08-23,0.010424874709551491
2021-08-24,0.008874882454949336
2021-08-25,-0.009645233162997436
2021-08-26,0.010772301808632305
2021-08-27,-0.006455156491088595
2021-08-30,0.00022936191225069098
2021-08-31,0.004856405564136042
2021-09-01,-0.006049489759234129
2021-09-02,-0.003686090271073115
2021-09-03,-0.004849232050087672
2021-09-07,0.0021797134667509606
2021-09-08,-0.007423665421397907
2021-09-09,0.001096292013073668
2021-09-10,0.006163607018720175
2021-09-13,0.0006907260467290369
2021-09-14,0.010739110416975567
2021-09-15,0.013550182266078223
2021-09-16,-0.0031410004052224495
2021-09-17,-0.029219646173340795
2021-09-20,-0.0008336293513677572
2021-09-21,0.022248676760475348
2021-09-22,0.026539497290136844
2021-09-23,-0.0005919024641897611
2021-09-24,-0.0007298111951747556
2021-09-27,-0.015064300401977388
2021-09-28,-0.0002992788226339341
2021-09-29,-0.02315376580528631
2021-09-30,0.011582773445843558
2021-10-01,-0.005076216817934852
2021-10-04,0.005517810511185781
2021-10-05,-0.0019199112054577635
2021-10-06,0.00961524592940455
2021-10-07,-0.010712575759604263
2021-10-08,-0.006084889412031782
2021-10-11,-0.002354010128932274
2021-10-12,0.010717668977173333
2021-10-13,0.023003650365424923
2021-10-14,0.008902325472210907
2021-10-15,0.015186881718647178
2021-10-18,0.00295480828561466
2021-10-19,0.007829795539717646
2021-10-20,0.011440498078376944
2021-10-21,-0.0003492220275526044
2021-10-22,0.002823435139894716
2021-10-25,-0.00788008142049581
2021-10-26,-0.005323922756464052
2021-10-27,0.014899623753441345
2021-10-28,0.00713416377829445
2021-10-29,0.007937226879243264
2021-11-01,0.004536677485273345
2021-11-02,-0.0021214038326824187
2021-11-03,0.009226565531830485
2021-11-04,0.02180507148354352
2021-11-05,-0.0007890100081739801
2021-11-08,-2.5447868512386388e-05
2021-11-09,-0.009265133395885913
2021-11-10,0.005452767521678114
2021-11-11,0.0011589111016288632
2021-11-12,-0.002301210254729547
2021-11-15,-0.004878130940146899
2021-11-16,-0.00960301202777685
2021-11-17,-0.011728840564779599
2021-11-18,-0.013519270584104418
2021-11-19,0.01620997011556798
2021-11-22,0.022142180196522768
2021-11-23,-0.007226420867099268
2021-11-24,-0.03563857636343004
2021-11-26,-0.007370983240075593
2021-11-29,-0.026290518313057662
2021-11-30,-0.008533246661364713
2021-12-01,0.03750199465057245
2021-12-02,-0.00651538760394006
2021-12-03,0.015432501406682661
2021-12-06,0.020469542624082838
2021-12-07,0.007064736389036716
2021-12-08,-0.0025468188968018933
2021-12-09,0.00018387561193502176
2021-12-10,-0.0070943902252959745
2021-12-13,0.0027152805609503617
2021-12-14,0.012590437421495829
2021-12-15,0.010362904609081246
2021-12-16,-0.021683447899515
2021-12-17,-0.016906571064332278
2021-12-20,0.02356683767310829
2021-12-21,0.00640950408689203
2021-12-22,0.010890581633860615
2021-12-23,0.016266500924709548
2021-12-27,0.002402992631703419
2021-12-28,-0.0016366167321273035
2021-12-29,-0.005087958532007628
2021-12-30,0.000954800661142154
2021-12-31,0.01818049063523771
2022-01-03,0.03091148119768871
2022-01-04,-0.0071738302151555635
2022-01-05,0.014943179111843955
2022-01-06,0.009433142861157193
2022-01-07,-0.005879868097571801
2022-01-10,0.015311986688706737
2022-01-11,0.003611497903048032
2022-01-12,0.004251375943477798
2022-01-13,-0.000638862417088268
2022-01-14,-0.016506953262836487
2022-01-18,-0.011317933307989124
2022-01-19,-0.010091845648469953
2022-01-20,-0.016478739088643748
2022-01-21,0.008839398932173635
2022-01-24,-0.008858319152594147
2022-01-25,0.0011322195334805103
2022-01-26,-0.010528429966137624
2022-01-27,0.023407900867770743
2022-01-28,0.02745644194188775
2022-01-31,0.0116040516290476
2022-02-01,0.02633775156767586
2022-02-02,-0.017257785712964158
2022-02-03,-0.006770157162423594
2022-02-04,0.0008236367789745602
2022-02-07,0.00844350503848446
2022-02-08,0.02273148185639836
2022-02-09,-0.01732923179998665
2022-02-10,-0.025100713201693187
2022-02-11,-0.005727891639294262
2022-02-14,0.01791943646100518
2022-02-15,0.006906387077468986
2022-02-16,-0.024565020111985632
2022-02-17,-0.00925801411343578
2022-02-18,-0.017356805604934605
2022-02-22,-0.018170789812582053
2022-02-23,0.01828513871004489
2022-02-24,0.025505869619434286
2022-02-25,0.0030208183825419154
2022-02-28,-0.006587041688392482
2022-03-01,0.020589569676757423
2022-03-02,0.0019417859843005084
2022-03-03,-0.005048632362048557
2022-03-04,-0.023476760298653462
2022-03-07,-0.0024474658533933263
2022-03-08,0.010130195654278246
2022-03-09,0.002402584684712927
2022-03-10,-0.00826757994835107
2022-03-11,-0.014972075245604361
2022-03-14,0.017723731191847683
2022-03-15,0.018303717272068205
2022-03-16,0.007196945827824324
2022-03-17,0.017407599865332867
2022-03-18,0.003313461021424726
2022-03-21,0.005719452791089365
2022-03-22,-0.00187407470071144
2022-03-23,0.001018821014113068
2022-03-24,0.003971032288712151
2022-03-25,-0.0018509134053248128
2022-03-28,0.022090795466657327
2022-03-29,-0.0015107687054097874
2022-03-30,-0.0037420857018039227
2022-03-31,0.0006185610686544316
2022-04-01,-0.0015236155639301418
2022-04-04,0.01395163805558612
2022-04-05,0.004100053371517316
2022-04-06,0.0021147679510190986
2022-04-07,0.020278937346231637
2022-04-08,-0.014757059331167159
2022-04-11,0.004157818450559798
2022-04-12,0.008439278486368058
2022-04-13,0.00151402289632631
2022-04-14,0.0034523817031287722
2022-04-18,0.0049653746877318175
2022-04-19,8.876337200817161e-05
2022-04-20,-0.019412338544497556
2022-04-21,-0.0209928462492068
2022-04-22,-0.017472994793969576
2022-04-25,-0.006135852840111206
2022-04-26,0.0036278199846680546
2022-04-27,0.02332429710555575
2022-04-28,-0.010604148404715045
2022-04-29,-0.004753243653384481
2022-05-02,0.023431537754099466
2022-05-03,0.024051173425093934
2022-05-04,-0.021918321141938327
2022-05-05,0.007898041861265036
2022-05-06,-0.040749883283429475
2022-05-09,-0.004851906381686494
2022-05-10,-0.006103909707798206
2022-05-11,-0.0012936246215246665
2022-05-12,0.01971807346536795
2022-05-13,0.0018789740669927424
2022-05-16,0.004479648031566439
2022-05-17,-0.03407604697811259
2022-05-18,-0.006218060504476283
2022-05-19,0.0009894668544159612
2022-05-20,0.011910390129722266
2022-05-23,0.003546730247467245
2022-05-24,0.00427913952151834
2022-05-25,0.014213052824236428
2022-05-26,0.02015420212832399
2022-05-27,-0.0017499885691736358
2022-05-31,-0.0058928564485781106
2022-06-01,0.0039462688369588834
2022-06-02,-0.0018122739942031548
2022-06-03,-0.008278137731225575
2022-06-06,0.007896012483045582
2022-06-07,-0.004595332890996486
2022-06-08,-0.011483680140575719
2022-06-09,-0.005509866576143069
2022-06-10,-0.016186314030074332
2022-06-13,-0.008935714193745186
2022-06-14,0.004054264651491093
2022-06-15,-0.007846168669128555
2022-06-16,-0.01654590848407103
2022-06-17,0.017837761689818394
2022-06-21,-0.0008195111264530631
2022-06-22,0.0007399665605111461
2022-06-23,0.013092425147790234
2022-06-24,0.012325994377772986
2022-06-27,0.0068725297025154005
2022-06-28,-0.008745111121128368
2022-06-29,-0.0027683174776103794
2022-06-30,0.006640243736469937
2022-07-01,-0.01515238535553781
2022-07-05,-0.0014544427734298631
2022-07-06,0.017345066484429354
2022-07-07,-0.0017208409940795734
2022-07-08,-0.0025264145027799993
2022-07-11,-0.011908868076156856
2022-07-12,-0.0014444846914968552
2022-07-13,-0.009879483626257167
2022-07-14,0.007504343112960176
2022-07-15,0.007704367290287648
2022-07-18,0.014310088721081029
2022-07-19,0.005083591777607514
2022-07-20,-0.00784595750700198
2022-07-21,-0.004051960363631908
2022-07-22,0.011891740333152248
2022-07-25,-0.0033733392389166277
2022-07-26,0.001335965324894463
2022-07-27,0.005635289380369968
2022-07-28,0.020626951243910424
2022-07-29,-0.000474683192713851
2022-08-01,0.0004308114838949516
2022-08-02,-0.0025912009910932397
2022-08-03,-0.004557885062860485
2022-08-04,0.0011012416031935296
2022-08-05,-0.005842407141205028
2022-08-08,-0.0022841913814879993
2022-08-09,-0.0060278722261184
2022-08-10,0.00645733537048183
2022-08-11,-0.0037450820736381635
2022-08-12,0.0019344613152121346
2022-08-15,0.007129237363031445
2022-08-16,0.004713966112390837
2022-08-17,0.006529864393326036
2022-08-18,0.016105977279896166
2022-08-19,0.004605852569030348
2022-08-22,0.002413365350947587
2022-08-23,0.0007570114964883796
2022-08-24,0.0003391177581203627
2022-08-25,0.01477712554028793
2022-08-26,-0.006020309081980326
2022-08-29,-0.006609876372842638
2022-08-30,-0.006326623720544879
2022-08-31,0.009793883129299956
2022-09-01,-0.007023732644085519
2022-09-02,0.004933272604847175
2022-09-06,0.0024552527658176374
2022-09-07,0.010154890584409822
2022-09-08,0.004072119947963494
2022-09-09,0.00040595944068602154
2022-09-12,0.0030694475963274352
2022-09-13,-0.011551348796088884
2022-09-14,0.0039239016266678665
2022-09-15,0.0017681008450611397
2022-09-16,-0.0011397251709882583
2022-09-19,-0.0001321793546680632
2022-09-20,-0.006175627853413256
2022-09-21,0.010176252582290303
2022-09-22,-0.0014715312268623849
2022-09-23,-0.007978604464257678
2022-09-26,0.00571220324250678
2022-09-27,0.008901543033239964
2022-09-28,0.00337950021065765
2022-09-29,-0.009797313410122565
2022-09-30,0.016990048134634967
2022-10-03,0.019656895543903916
2022-10-04,-4.9264392006597574e-05
2022-10-05,-0.012479734399509853
2022-10-06,-0.026555543549421905
2022-10-07,-0.0036333427122161492
2022-10-10,0.003342849283056967
2022-10-11,-0.010749011179539523
2022-10-12,0.018000718714945314
2022-10-13,-0.004912798876972218
2022-10-14,0.00735400271797721
2022-10-17,0.009829535793891734
2022-10-18,-0.006876749052522424
2022-10-19,-0.014622798749575245
2022-10-20,0.013066633713534156
2022-10-21,0.013746284651823707
2022-10-24,0.025797089924764365
2022-10-25,0.00830582619005732
2022-10-26,-0.0007939470455923842
2022-10-27,0.015192949160065434
2022-10-28,0.00037676118353397034
2022-10-31,-0.00329123742700265
2022-11-01,-0.021738635751164078
2022-11-02,-0.005467441211484262
2022-11-03,-0.0012812182291080056
2022-11-04,-0.001204107714286771
2022-11-07,0.010499403062594293
2022-11-08,-0.01304343456361952
2022-11-09,0.020607481042873067
2022-11-10,-0.004818698912870199
2022-11-11,-0.00588616356112973
2022-11-14,0.00239514751334888
2022-11-15,0.0094039473372536
2022-11-16,-0.0031343081487836886
2022-11-17,0.016057346489463754
2022-11-18,0.008755340925986713
2022-11-21,0.00939087297223045
2022-11-22,0.0014409680690506414
2022-11-23,0.0025750298092891847
2022-11-25,-0.0062076374561547965
2022-11-28,-0.003527400700219122
2022-11-29,0.013631492074936863
2022-11-30,0.0030415183294393903
2022-12-01,-0.00116213519994441
2022-12-02,-0.0010862287851979545
2022-12-05,-0.006817915411886035
2022-12-06,-0.002698396509056281
2022-12-07,-0.0005301947855093115
2022-12-08,-0.00598641592925746
2022-12-09,0.012912067026446487
2022-12-12,0.003224999618986729
2022-12-13,-0.0024546388816772
2022-12-14,-0.0065522796529483805
2022-12-15,-0.0057392502993605325
2022-12-16,-0.0036391891945914334
2022-12-19,0.003947207336807984
2022-12-20,0.0059511635539009605
2022-12-21,-0.00836725256924968
2022-12-22,0.012324815569340083
2022-12-23,0.006319026187645923
2022-12-27,-0.005940354761327097
2022-12-28,-0.012004361588905901
2022-12-29,0.014999876749793218
2022-12-30,-0.014231790476395383
2023-01-03,-0.007669212824811104
2023-01-04,0.010325917637620738
2023-01-05,0.00796281410638079
2023-01-06,-0.0036652200474464255
2023-01-09,-0.0036175911744606745
2023-01-10,-0.00344552556760751
2023-01-11,0.016660288113807372
2023-01-12,-0.0011507063568148045
2023-01-13,-0.006520968145729871
2023-01-17,-0.002227468841045135
2023-01-18,0.0005914248507246063
2023-01-19,-0.0007031147397203745
2023-01-20,3.876418114024836e-05
2023-01-23,0.005457721502862775
2023-01-24,-0.004409516037025609
2023-01-25,0.010263826806305536
2023-01-26,-0.008474868722193891
2023-01-27,0.002715532640797353
2023-01-30,0.01121777569999252
2023-01-31,0.0017569177590700399
2023-02-01,-0.013206712186961265
2023-02-02,-0.009970882219935553
2023-02-03,0.004156972591599393
2023-02-06,0.001728094989037303
2023-02-07,0.005327313043417646
2023-02-08,0.0008143376368972945
2023-02-09,0.013328345857313934
2023-02-10,0.008725352780044403
2023-02-13,0.001472783338327076
2023-02-14,0.0038432232505971535
2023-02-15,-0.0024693249552943178
2023-02-16,0.0014677910206791827
2023-02-17,-0.020563241660740913
2023-02-21,-0.006604372203201488
2023-02-22,0.011855265523621919
2023-02-23,-0.0025057049279312194
2023-02-24,-0.0037813203936422515
2023-02-27,-0.009395342666976727
2023-02-28,0.0038198822179128095
2023-03-01,0.0026969148379066728
2023-03-02,0.01011728279352722
2023-03-03,0.004849601621922647
2023-03-06,-0.021421690382547744
2023-03-07,-0.0020949296300027983
2023-03-08,-0.019619709422120372
2023-03-09,-0.013917980822617502
2023-03-10,-0.012682290229347436
2023-03-13,0.010055128729129866
2023-03-14,-0.014041560819590113
2023-03-15,0.015449829253096044
2023-03-16,-0.01762224596060806
2023-03-17,0.010918173293903124
2023-03-20,0.01383638470833552
2023-03-21,-0.018514557297348983
2023-03-22,-0.017298444317652643
2023-03-23,0.005645586938575668
2023-03-24,0.0008089882417858405
2023-03-27,0.0025002390149582833
2023-03-28,0.002095018282563881
2023-03-29,0.00721595798284792
2023-03-30,0.00725118243115646
2023-03-31,0.012628160877603831
2023-04-03,-0.00292939454134039
2023-04-04,0.008644380843104727
2023-04-05,-0.0015027432553986742
2023-04-06,-0.0025466096149587463
2023-04-10,-0.0034879915301094283
2023-04-11,-0.003682250335181677
2023-04-12,-0.002818545854699715
2023-04-13,-0.00017901688049205963
2023-04-14,-0.006407687684858985
2023-04-17,0.003122524785215926
2023-04-18,0.0004190236248601981
2023-04-19,0.011761268554495344
2023-04-20,-0.002530296775007649
2023-04-21,0.004549204256891911
2023-04-24,0.002749932657440799
2023-04-25,0.0024602177197497496
2023-04-26,-0.009641005848107412
2023-04-27,-0.006465582133419979
2023-04-28,0.0017262786863368228
2023-05-01,0.012134408048366404
2023-05-02,0.0029992422395345684
2023-05-03,-0.01166897856503318
2023-05-04,0.0016903049027430406
2023-05-05,0.006977205434997236
2023-05-08,0.010316551193656352
2023-05-09,-0.009356679582055001
2023-05-10,0.013796843575877838
2023-05-11,0.010448500030784255
2023-05-12,0.0013071366353170461
2023-05-15,-0.006570871554156792
2023-05-16,0.0029306754741081683
2023-05-17,0.0030576374146810224
2023-05-18,-0.004519028236917959
2023-05-19,-0.009759385977806389
2023-05-22,-0.011241502004666625
2023-05-23,-0.0018838789410357442
2023-05-24,-0.020508715659483274
2023-05-25,-0.020988025411534574
2023-05-26,-0.01188000291757501
2023-05-30,0.015250080135919797
2023-05-31,-0.01882253849534892
2023-06-01,0.02299641320481562
2023-06-02,-0.00028046423872549317
2023-06-05,-0.0005403061713261088
2023-06-06,-0.0022854572802746475
2023-06-07,0.0018969747873385477
2023-06-08,-0.0013974617953661143
2023-06-09,-0.001825851574823508
2023-06-12,-0.00034024280238570425
2023-06-13,0.0006769211455025664
2023-06-14,-0.00545724423582348
2023-06-15,-0.0009358273831831987
2023-06-16,0.0012483052479395147
2023-06-20,0.003889047525590945
2023-06-21,-0.00024161209064825061
2023-06-22,0.0012401227489450219
2023-06-23,-0.006445146085658514
2023-06-26,0.004336604084582519
2023-06-27,0.0066742316944625995
2023-06-28,-0.0035861188976465284
2023-06-29,-0.002662268887372132
2023-06-30,-0.005948041776728609
2023-07-03,0.0054738907236053114
2023-07-05,0.004899028993947377
2023-07-06,-0.006375044110980887
2023-07-07,0.0001778046815018948
2023-07-10,-0.00897392930546336
2023-07-11,-0.0056991388503994525
2023-07-12,-0.0009947217267856278
2023-07-13,0.0024547424261557576
2023-07-14,0.004980891763443695
2023-07-17,8.256772626339667e-05
2023-07-18,0.0003184114283289281
2023-07-19,0.015201671632631319
2023-07-20,0.002439678514789066
2023-07-21,-0.005260441065731367
2023-07-24,-0.0029767733310872273
2023-07-25,-0.004134973964282373
2023-07-26,0.005171950468296645
2023-07-27,0.0028196017231629992
2023-07-28,0.0036974185336770297
2023-07-31,-0.002735360884243397
2023-08-01,0.006444936743354719
2023-08-02,-0.005262362488886089
2023-08-03,-0.004596794156240071
2023-08-04,0.0027567475354263868
2023-08-07,-0.007058939885459248
2023-08-08,-0.0010520479113635497
2023-08-09,-0.0050049490978129945
2023-08-10,0.007939043796411202
2023-08-11,0.004331298279226806
2023-08-14,-0.004229388145522497
2023-08-15,-0.0042757566527497895
2023-08-16,-0.010952494140364066
2023-08-17,0.000598613954501918
2023-08-18,-0.00464583414201933
2023-08-21,-0.0006402273831902011
2023-08-22,0.003170382794649133
2023-08-23,-0.006779553196083452
2023-08-24,0.00824339493754463
2023-08-25,0.004897622688761396
2023-08-28,0.004773284724667013
2023-08-29,0.004841125156371355
2023-08-30,-0.005608388306626662
2023-08-31,-0.008124332672993362
2023-09-01,-0.008073312490255875
2023-09-05,-0.00800980212521525
2023-09-06,-0.013678192629322135
2023-09-07,-0.007194665886175182
2023-09-08,-0.002282701303241068
2023-09-11,-0.009086122927516952
2023-09-12,-0.0017722964331938636
2023-09-13,-0.004466242449438963
2023-09-14,-0.013587272500007016
2023-09-15,-0.0019242695883774487
2023-09-18,0.00348485034647547
2023-09-19,-0.005614001409985818
2023-09-20,-0.0006828729884881762
2023-09-21,-0.0012796469412337187
2023-09-22,-0.003039347237797087
2023-09-25,0.009530775112334761
2023-09-26,0.006131125022553239
2023-09-27,0.011186624571524613
2023-09-28,-0.00407917076079462
2023-09-29,0.005541008810853257
2023-10-02,-0.03395426700440826
2023-10-03,0.016008173474163286
2023-10-04,0.01826030869853624
2023-10-05,0.007855978301802862
2023-10-06,-0.03245522453532925
2023-10-09,0.01267873714349926
2023-10-10,0.003073480901744816
2023-10-11,-0.009959369836126865
2023-10-12,-0.029815498868604868
2023-10-13,0.011970849816610153
2023-10-16,-0.002600577598543179
2023-10-17,-0.052574672090167515
2023-10-18,-0.003887971228965424
2023-10-19,-0.017673246372190258
2023-10-20,0.017758846282000557
2023-10-23,0.0035009489482977774
2023-10-24,-0.017962618137018996
2023-10-25,-0.008349491272327881
2023-10-26,-0.0036503950694521904
2023-10-27,0.0072411280838104415
2023-10-30,0.0019244627539938455
2023-10-31,0.00396189124523314
2023-11-01,0.02619088130465231
2023-11-02,0.013605385349253114
2023-11-03,0.003808791422457782
2023-11-06,-0.0024170360176202074
2023-11-07,-0.001676397431711778
2023-11-08,0.00687100901291061
2023-11-09,0.0072695835513086485
2023-11-10,0.011377271375970015
2023-11-13,-0.0155708566606996
2023-11-14,-0.02913535922692038
2023-11-15,0.001076060513392619
2023-11-16,-0.00033093836886449073
2023-11-17,0.004817183903085567
2023-11-20,0.001718032992177774
2023-11-21,-0.005185862124334483
2023-11-22,-0.003538898856430614
2023-11-24,0.005368934298398838
2023-11-27,-0.0005668669347188653
2023-11-28,-0.003178665464392015
2023-11-29,-0.006019776710634877
2023-11-30,0.006573637157291257
2023-12-01,-0.004592152218067707
2023-12-04,0.0030010104163810353
2023-12-05,-0.006664967910277241
2023-12-06,-0.011717026483142793
2023-12-07,0.002308417103003132
2023-12-08,0.004004133665670682
2023-12-11,0.005127538387207819
2023-12-12,0.007114797932752029
2023-12-13,0.012861387667522624
2023-12-14,-0.0018801110701923188
2023-12-15,0.0038306102799293886
2023-12-18,-0.004460765793200925
2023-12-19,0.0012266669573711485
2023-12-20,-0.006206836650448894
2023-12-21,-0.00043411706507725015
2023-12-22,0.004598147116612873
2023-12-26,-0.004767421514586322
2023-12-27,-0.005576780247163858
2023-12-28,0.00025715182383633553
2023-12-29,-0.009637952198747747
2024-01-02,0.015650138139804665
2024-01-03,-0.002024467383847951
2024-01-04,0.003253719507945832
2024-01-05,-0.000935321295566476
2024-01-08,-0.0010957269485270221
2024-01-09,0.006663440235440256
2024-01-10,0.005726072636636607
2024-01-11,0.011538961390444575
2024-01-12,0.006485178499314708
2024-01-16,-0.0025519656850324737
2024-01-17,-0.005120425750898311
2024-01-18,-0.005725684159491722
2024-01-19,0.005209644715890657
2024-01-22,0.0058032081212787134
2024-01-23,-0.0004412033225543076
2024-01-24,-0.014063302332708397
2024-01-25,-0.0015464264735006884
2024-01-26,-0.008928317393497389
2024-01-29,0.005745043616477356
2024-01-30,0.021954297671054977
2024-01-31,-0.03681664190563592
2024-02-01,0.005937473286730617
2024-02-02,0.01833030664323486
2024-02-05,-0.01117839329281263
2024-02-06,-0.01222570138580253
2024-02-07,0.0023902755326201714
2024-02-08,-0.010664831791772791
2024-02-09,-0.009498690354560439
2024-02-12,0.032647346823425745
2024-02-13,-0.013780214153727021
2024-02-14,-0.017588911874039062
2024-02-15,0.003525737727327217
2024-02-16,0.000912692166473617
2024-02-20,0.004681889933947464
2024-02-21,0.008343052994695142
2024-02-22,0.005553665553726188
2024-02-23,0.004085791093689514
2024-02-26,0.00017410096756135466
2024-02-27,-0.005303776631964449
2024-02-28,-0.002350422949553042
2024-02-29,-0.005219094373501414
2024-03-01,-0.006545086015462004
2024-03-04,-0.009452872451473431
2024-03-05,-0.007295634195393257
2024-03-06,-0.004366558721582026
2024-03-07,-0.00030852177712586927
2024-03-08,-0.0046325003048135315
2024-03-11,0.019563933837807947
2024-03-12,-0.002521504564405347
2024-03-13,0.02009482971173649
2024-03-14,-0.0035070377764237362
2024-03-15,-0.002691913889435345
2024-03-18,-0.003852076801845741
2024-03-19,-0.0024875003628441646
2024-03-20,-0.023556845956888686
2024-03-21,0.011051536543691757
2024-03-22,-0.005420318936443249
2024-03-25,0.0027300189107358863
2024-03-26,-0.02296485679923488
2024-03-27,-0.009578926213076506
2024-03-28,0.01928300155666981
2024-04-01,0.012819209403464399
2024-04-02,-0.00013000704354588783
2024-04-03,-0.00017360451509563517
2024-04-04,-0.0013208914821944342
2024-04-05,-0.005604553478036614
2024-04-08,-0.005369273699993897
2024-04-09,0.012195770082320317
2024-04-10,0.0021845290858025163
2024-04-11,0.0050986448885590565
2024-04-12,0.002091302821397931
2024-04-15,0.006882328916286956
2024-04-16,0.0023331115671482655
2024-04-17,-0.0005913349249896521
2024-04-18,-0.002728387226275602
2024-04-19,0.006086835123827088
2024-04-22,0.0043201610971492655
2024-04-23,-0.0005716762323542358
2024-04-24,-0.0013197780185316447
2024-04-25,-0.004054507644443934
2024-04-26,-0.004841434357409801
2024-04-29,-0.008407942321648067
2024-04-30,0.014297232989851024
2024-05-01,0.0012254653638833829
2024-05-02,0.011061909521161116
2024-05-03,0.009518534896626676
2024-05-06,0.005852494324174512
2024-05-07,-0.0016545387016313805
2024-05-08,0.020551697821740024
2024-05-09,-0.011989772298390475
2024-05-10,0.009086522412584975
2024-05-13,-0.002352217131079995
2024-05-14,0.01834607903309595
2024-05-15,0.006199287671960773
2024-05-16,0.0022403026003870855
2024-05-17,0.008793357992631631
2024-05-20,-0.007732843464344581
2024-05-21,-0.00432378284315068
2024-05-22,-0.00038449803970422254
2024-05-23,0.012146509041794302
2024-05-24,-0.00024949548599864234
2024-05-28,-0.0067937675915246964
2024-05-29,0.00527015055445536
2024-05-30,-0.005119186199914805
2024-05-31,-0.004188559675518849
2024-06-03,0.005506814648496448
2024-06-04,0.019488102217416006
2024-06-05,-0.004267947025665145
2024-06-06,-0.0037146841876194974
2024-06-07,0.012803428439886827
2024-06-10,-0.006552972330678348
2024-06-11,0.013120829497759274
2024-06-12,0.009147347237090446
2024-06-13,-0.013861426215597494
2024-06-14,0.01178378903730922
2024-06-17,0.005320263748719148
2024-06-18,-0.0027193463631868856
2024-06-20,-0.009725683845408277
2024-06-21,0.008139473702566418
2024-06-24,-0.01110122166329787
2024-06-25,0.0060228394069072
2024-06-26,-0.001720055349128445
2024-06-27,-0.0043939904227696955
2024-06-28,-0.0009164662068131401
2024-07-01,-0.0028650342722858564
2024-07-02,-0.0030679733212418767
2024-07-03,-0.01082585872273253
2024-07-05,0.008294490557733531
2024-07-08,0.0006340849987346694
2024-07-09,0.002767516137613727
2024-07-10,-0.01667044241055913
2024-07-11,-0.005926753511311393
2024-07-12,0.017391079189088426
2024-07-15,-0.014136185897487394
2024-07-16,-0.0024457850749298182
2024-07-17,0.011668916543545025
2024-07-18,0.0010025369080612619
2024-07-19,-0.00960473394000189
2024-07-22,0.014241511130436242
2024-07-23,0.020174014380391445
2024-07-24,0.0022069024348659017
2024-07-25,-0.011769763884676808
2024-07-26,-0.0014697449789061031
2024-07-29,-0.0141229094546669
2024-07-30,-0.021990762764119622
2024-07-31,0.02212476332932459
2024-08-01,0.010879617576452609
2024-08-02,0.011232804623174877
2024-08-05,-0.008694736162806516
2024-08-06,-0.00031627066166916174
2024-08-07,0.020443383081444937
2024-08-08,0.021851982666710207
2024-08-09,0.0033060537470241715
2024-08-12,-0.0003174115200592601
2024-08-13,-0.0032301081856259345
2024-08-14,-0.01677195629146597
2024-08-15,0.00030072548008405796
2024-08-16,0.006827505691902403
2024-08-19,0.007913599285542021
2024-08-20,-0.008693917928377648
2024-08-21,0.002244008888949501
2024-08-22,0.005916915279183303
2024-08-23,0.0031438498385346378
2024-08-26,0.0038442047034441176
2024-08-27,0.003784987382866081
2024-08-28,0.030508818101162957
2024-08-29,0.0005069610841014933
2024-08-30,-0.008430512456419117
2024-09-03,0.03981724214006171
2024-09-04,-0.008460249134188785
2024-09-05,-0.010058701737388612
2024-09-06,-0.009424910728052507
2024-09-09,0.010982889968460228
2024-09-10,0.0061947660925429264
2024-09-11,0.008992155339538939
2024-09-12,0.0038097949752444846
2024-09-13,0.0009120816740715797
2024-09-16,-0.004530995527780222
2024-09-17,0.001957018268528598
2024-09-18,0.008413703341970974
2024-09-19,0.014320623590820255
2024-09-20,-0.01095955211974391
2024-09-23,-0.009248574084827654
2024-09-24,0.006146911269149441
2024-09-25,-0.025898078044591443
2024-09-26,-0.001325430480453736
2024-09-27,0.010213722780406094
2024-09-30,0.008411392729793797
2024-10-01,-0.0039082244760859025
2024-10-02,0.006370688744904818
2024-10-03,0.0029562535599794546
2024-10-04,-0.0037742480933419687
2024-10-07,0.013214319338726034
2024-10-08,-0.0015071710045258188
2024-10-09,-0.008067122735249444
2024-10-10,0.005318404851499584
2024-10-11,0.0013349652861615142
2024-10-14,0.0192208914386423
2024-10-15,0.0007064522491003473
2024-10-16,-0.010049439334390196
2024-10-17,0.02182894040106455
2024-10-18,-0.009523267179539312
2024-10-21,0.010876417560902182
2024-10-22,-0.0038296429559889966
2024-10-23,-0.00808727057158854
2024-10-24,-0.005132637298725233
2024-10-25,0.006490102518989017
2024-10-28,6.801018235388868e-05
2024-10-29,0.005064756034401974
2024-10-30,0.006929083989882123
2024-10-31,-0.007084773461935898
2024-11-01,-0.005748896748508139
2024-11-04,0.00772516044801421
2024-11-05,0.023725797020344525
2024-11-06,-0.005348462713622831
2024-11-07,0.0007325249466117755
2024-11-08,0.0018372643513348418
2024-11-11,-0.008607059513615253
2024-11-12,0.006873939175335895
2024-11-13,-0.002610513142326908
2024-11-14,-0.011431085904183107
2024-11-15,-0.011154198141835731
2024-11-18,0.0027948260827320628
2024-11-19,0.0017548986967298838
2024-11-20,0.0012845485680808195
2024-11-21,-0.007755767210459212
2024-11-22,-0.004310296359025645
2024-11-25,0.0023616912684677888
2024-11-26,-0.010010054083133954
2024-11-27,-0.010631035365022587
2024-11-29,-0.01320567323099532
2024-12-02,0.007538323321991001
2024-12-03,-0.002295230203137482
2024-12-04,-0.0038384251032065574
2024-12-05,0.00044183404216183495
2024-12-06,0.0004996475622812615
2024-12-09,-0.01202260463544513
2024-12-10,-0.002236082300514167
2024-12-11,0.004881241546251273
2024-12-12,0.011911614685503032
2024-12-13,0.0058106534114786765
2024-12-16,-0.0015185592220939733
2024-12-17,-0.004098537784685246
2024-12-18,0.001954063620955874
2024-12-19,0.006793834327310571
2024-12-20,-0.0002998523521263734
2024-12-23,0.005631504452066556
2024-12-24,-0.0016673680680711106
2024-12-26,-0.009051321576109328
2024-12-27,-0.008254769004115137
2024-12-30,-0.011259722486535862
2024-12-31,-0.0009140914805844576
